Country Name,Year,Life Ladder,Log GDP per capita,Social support,Healthy life expectancy at birth,Freedom to make life choices,Generosity,Perceptions of corruption,Positive affect,Negative affect,Country Code_x,Life Expectancy,Code,Health Expenditure (% GDP),Country Code_y,OOP Expenditure,Country Code,Current Health Expenditure
Albania,2015,4.607,9.382,0.639,69.0,0.704,-0.085,0.885,0.579,0.35,ALB,78.644,ALB,2.755,ALB,431.878767602083,ALB,753.180070470931
Albania,2016,4.511,9.417,0.638,69.025,0.73,-0.021,0.901,0.567,0.322,ALB,78.86,ALB,2.842,ALB,458.595282446714,ALB,811.422040321761
Albania,2017,4.64,9.455,0.638,69.05,0.75,-0.033,0.876,0.547,0.334,ALB,79.047,ALB,2.762,ALB,479.413065787341,ALB,838.41698767324
Albania,2018,5.004,9.497,0.684,69.075,0.824,0.005,0.899,0.592,0.319,ALB,79.184,ALB,2.878,ALB,505.92140114953,ALB,896.791354129562
Argentina,2015,6.697,10.083,0.926,66.9,0.881,-0.18,0.851,0.768,0.305,ARG,76.76,ARG,6.853,ARG,531.790216102312,ARG,2050.68083322739
Argentina,2016,6.427,10.051,0.883,66.95,0.848,-0.198,0.851,0.732,0.312,ARG,76.308,ARG,5.619,ARG,539.578063353836,ARG,1997.89109809041
Argentina,2017,6.039,10.069,0.907,67.0,0.832,-0.192,0.841,0.715,0.292,ARG,76.833,ARG,6.644,ARG,513.828236161825,ARG,2413.8600637696
Argentina,2018,5.793,10.032,0.9,67.05,0.846,-0.216,0.855,0.732,0.321,ARG,76.999,ARG,5.965,ARG,603.513608915853,ARG,2401.31901274169
Argentina,2019,6.086,10.002,0.896,67.1,0.817,-0.217,0.83,0.735,0.319,ARG,77.284,ARG,5.954,ARG,561.712248756673,ARG,2346.18668837546
Australia,2015,7.309,10.77,0.952,70.6,0.922,0.327,0.357,0.75,0.21,AUS,82.4,AUS,6.985,AUS,827.048617103679,AUS,4807.89635171632
Australia,2016,7.25,10.781,0.942,70.675,0.922,0.233,0.399,0.736,0.236,AUS,82.4487804878049,AUS,6.942,AUS,857.368432241503,AUS,5059.24596164933
Australia,2017,7.257,10.787,0.95,70.75,0.911,0.312,0.411,0.728,0.225,AUS,82.5,AUS,6.991,AUS,852.420819921859,AUS,5133.73032477183
Australia,2018,7.177,10.801,0.94,70.825,0.916,0.141,0.405,0.706,0.187,AUS,82.7487804878049,AUS,7.009,AUS,866.064628900176,AUS,5331.50783540381
Australia,2019,7.234,10.807,0.943,70.9,0.918,0.115,0.43,0.727,0.202,AUS,82.9,AUS,7.361,AUS,794.288038900903,AUS,5390.86315420617
Australia,2020,7.137,10.794,0.937,70.975,0.905,0.202,0.491,0.726,0.205,AUS,83.2,AUS,7.612,AUS,888.075815176423,AUS,5955.18719180224
Austria,2015,7.076,10.876,0.928,70.4,0.9,0.093,0.557,0.748,0.164,AUT,81.190243902439,AUT,7.678,AUT,994.0,AUT,5205.0
Austria,2016,7.048,10.885,0.926,70.525,0.889,0.074,0.524,0.713,0.197,AUT,81.6414634146342,AUT,7.657,AUT,1054.0,AUT,5477.0
Austria,2017,7.294,10.9,0.906,70.65,0.89,0.128,0.518,0.699,0.18,AUT,81.6439024390244,AUT,7.686,AUT,1080.0,AUT,5641.0
Austria,2018,7.396,10.919,0.912,70.775,0.904,0.048,0.523,0.695,0.226,AUT,81.6926829268293,AUT,7.724,AUT,1088.0,AUT,5905.0
Austria,2019,7.195,10.93,0.964,70.9,0.903,0.054,0.457,0.727,0.205,AUT,81.8951219512195,AUT,7.865,AUT,1124.0,AUT,6276.0
Austria,2020,7.213,10.859,0.925,71.025,0.912,0.004,0.464,0.716,0.206,AUT,81.1926829268293,AUT,8.772,AUT,1087.0,AUT,6531.0
Austria,2021,7.08,10.899,0.863,71.15,0.795,0.158,0.501,0.722,0.259,AUT,81.190243902439,AUT,9.555,AUT,1147.0,AUT,7272.0
Belgium,2015,6.904,10.809,0.885,70.0,0.869,0.056,0.469,0.747,0.24,BEL,80.9926829268293,BEL,8.265,BEL,952.063808378902,BEL,5004.91066069164
Belgium,2016,6.949,10.816,0.929,70.15,0.866,-0.062,0.497,0.701,0.26,BEL,81.4390243902439,BEL,8.305,BEL,970.513975500947,BEL,5254.7996743285
Belgium,2017,6.928,10.829,0.922,70.3,0.857,0.049,0.543,0.713,0.234,BEL,81.4926829268293,BEL,8.304,BEL,1004.31023497775,BEL,5458.28053823334
Belgium,2018,6.892,10.842,0.93,70.45,0.808,-0.13,0.63,0.682,0.25,BEL,81.5951219512195,BEL,8.337,BEL,1058.11823459262,BEL,5719.84628422139
Belgium,2019,6.772,10.859,0.884,70.6,0.776,-0.178,0.672,0.699,0.244,BEL,81.9951219512195,BEL,8.107,BEL,1196.67915563839,BEL,6041.60189145965
Belgium,2020,6.839,10.799,0.904,70.75,0.767,-0.172,0.634,0.619,0.26,BEL,80.6951219512195,BEL,8.491,BEL,1064.32906109321,BEL,6119.04597737963
Brazil,2015,6.547,9.617,0.907,64.7,0.799,-0.021,0.771,0.687,0.325,BRA,74.332,BRA,3.861,BRA,323.421986942402,BRA,1309.01077612951
Brazil,2016,6.375,9.575,0.912,64.875,0.807,-0.106,0.781,0.711,0.302,BRA,74.442,BRA,3.952,BRA,318.138639558982,BRA,1302.74842638917
Brazil,2017,6.333,9.58,0.905,65.05,0.765,-0.181,0.794,0.669,0.308,BRA,74.827,BRA,3.959,BRA,335.512772450882,BRA,1371.23449971244
Brazil,2018,6.191,9.59,0.882,65.225,0.751,-0.123,0.763,0.677,0.35,BRA,75.109,BRA,3.897,BRA,351.716009103111,BRA,1416.76470801618
Brazil,2019,6.451,9.595,0.899,65.4,0.83,-0.068,0.762,0.701,0.337,BRA,75.338,BRA,3.93,BRA,366.104226918696,BRA,1471.48906453933
Bulgaria,2015,4.865,9.903,0.908,65.9,0.637,-0.207,0.941,0.556,0.214,BGR,74.6146341463415,BGR,4.148,BGR,576.0,BGR,1355.0
Bulgaria,2016,4.838,9.94,0.926,66.0,0.7,-0.177,0.936,0.545,0.172,BGR,74.8121951219512,BGR,4.128,BGR,645.0,BGR,1491.0
Bulgaria,2017,5.097,9.974,0.942,66.1,0.689,-0.16,0.911,0.542,0.189,BGR,74.8146341463415,BGR,4.222,BGR,676.0,BGR,1603.0
Bulgaria,2018,5.099,10.008,0.924,66.2,0.724,-0.182,0.952,0.554,0.189,BGR,74.9634146341464,BGR,4.33,BGR,661.0,BGR,1681.0
Bulgaria,2019,5.108,10.055,0.948,66.3,0.822,-0.115,0.943,0.577,0.2,BGR,75.1121951219512,BGR,4.295,BGR,672.0,BGR,1778.0
Bulgaria,2020,5.598,10.02,0.916,66.4,0.818,-0.012,0.901,0.642,0.221,BGR,73.6585365853659,BGR,5.353,BGR,760.0,BGR,2139.0
Canada,2015,7.413,10.769,0.939,71.1,0.931,0.247,0.427,0.792,0.286,CAN,81.8156097560976,CAN,7.591,CAN,706.200745518518,CAN,4793.06242283962
Canada,2016,7.245,10.768,0.924,71.15,0.912,0.205,0.385,0.768,0.237,CAN,81.9248780487805,CAN,7.688,CAN,801.6751063517,CAN,5126.21964690082
Canada,2017,7.415,10.786,0.934,71.2,0.945,0.157,0.362,0.799,0.218,CAN,81.8329268292683,CAN,7.574,CAN,835.169347367958,CAN,5268.3075613014
Canada,2018,7.175,10.799,0.923,71.25,0.946,0.1,0.372,0.773,0.259,CAN,81.8439024390244,CAN,7.577,CAN,850.889261182592,CAN,5456.31435127905
Canada,2019,7.109,10.803,0.925,71.3,0.912,0.105,0.436,0.781,0.285,CAN,82.2239024390244,CAN,7.641,CAN,849.693431035139,CAN,5497.48703168996
Canada,2020,7.025,10.74,0.931,71.35,0.887,0.043,0.434,0.738,0.307,CAN,81.6604878048781,CAN,9.701,CAN,850.699117509557,CAN,6175.25973280269
Canada,2021,6.939,10.783,0.926,71.4,0.898,0.189,0.384,0.763,0.276,CAN,81.5870731707317,CAN,8.695,CAN,918.846162507433,CAN,6552.21935394823
Chile,2015,6.533,10.105,0.827,69.4,0.769,0.032,0.812,0.752,0.333,CHL,79.746,CHL,4.878,CHL,653.969490002362,CHL,1895.0553556297
Chile,2016,6.579,10.11,0.841,69.55,0.652,0.094,0.858,0.792,0.283,CHL,80.079,CHL,4.983,CHL,698.628107322825,CHL,2010.3926890466
Chile,2017,6.32,10.108,0.88,69.7,0.79,-0.028,0.836,0.765,0.291,CHL,80.35,CHL,5.454,CHL,743.183752793963,CHL,2231.44151743259
Chile,2018,6.436,10.13,0.89,69.85,0.789,-0.068,0.816,0.755,0.276,CHL,80.133,CHL,5.524,CHL,784.130922087176,CHL,2358.52062379086
Chile,2019,5.942,10.119,0.869,70.0,0.659,-0.11,0.86,0.741,0.337,CHL,80.326,CHL,5.656,CHL,786.16708700809,CHL,2396.84871455773
Chile,2020,6.151,10.042,0.888,70.15,0.781,0.026,0.812,0.753,0.336,CHL,79.377,CHL,6.354,CHL,711.350692663094,CHL,2426.10086092236
Chile,2021,6.436,10.143,0.891,70.3,0.803,-0.052,0.859,0.735,0.221,CHL,78.944,CHL,5.834,CHL,801.332545715176,CHL,2647.61196755769
China,2015,5.304,9.442,0.794,68.0,,-0.25,,0.667,0.171,CHN,76.977,CHN,2.986,CHN,222.306307793897,CHN,633.544695266337
China,2016,5.325,9.503,0.742,68.125,,-0.233,,0.683,0.146,CHN,77.218,CHN,2.892,CHN,238.521323930989,CHN,664.290359967466
China,2017,5.099,9.564,0.772,68.25,0.878,-0.18,,0.682,0.214,CHN,77.248,CHN,2.86,CHN,256.588997834265,CHN,711.750561442244
China,2018,5.131,9.625,0.788,68.375,0.895,-0.164,,0.722,0.19,CHN,77.744,CHN,2.914,CHN,282.316031844437,CHN,789.684853595374
China,2019,5.144,9.679,0.822,68.5,0.927,-0.178,,0.76,0.147,CHN,77.968,CHN,3.002,CHN,312.080217657726,CHN,885.836048204488
Colombia,2015,6.388,9.562,0.89,68.3,0.791,-0.106,0.843,0.803,0.292,COL,76.257,COL,5.741,COL,153.471791001215,COL,996.502149019741
Colombia,2016,6.234,9.572,0.882,68.475,0.835,-0.106,0.898,0.77,0.294,COL,76.471,COL,5.731,COL,164.272521880675,COL,1052.20536497269
Colombia,2017,6.157,9.57,0.909,68.65,0.838,-0.163,0.875,0.79,0.299,COL,76.646,COL,5.882,COL,169.104795346028,COL,1100.72691831969
Colombia,2018,5.984,9.577,0.871,68.825,0.851,-0.154,0.855,0.775,0.301,COL,76.748,COL,5.892,COL,174.928578768091,COL,1156.11325114522
Colombia,2019,6.35,9.59,0.873,69.0,0.822,-0.177,0.854,0.791,0.322,COL,76.752,COL,6.284,COL,181.979759015383,COL,1234.79408351458
Colombia,2020,5.709,9.5,0.797,69.175,0.84,-0.091,0.808,0.759,0.34,COL,74.769,COL,7.07,COL,190.92161430702,COL,1316.13047505152
Costa Rica,2015,6.854,9.85,0.878,70.0,0.907,-0.068,0.761,0.811,0.286,CRI,79.086,CRI,5.682,CRI,298.756522417363,CRI,1321.97635580109
Costa Rica,2016,7.136,9.881,0.901,70.0,0.873,-0.042,0.781,0.83,0.281,CRI,79.459,CRI,5.494,CRI,307.026484692033,CRI,1382.81825553883
Costa Rica,2017,7.225,9.912,0.922,70.0,0.936,-0.086,0.742,0.791,0.275,CRI,79.377,CRI,5.282,CRI,302.017329003069,CRI,1420.89768620743
Costa Rica,2018,7.141,9.928,0.876,70.0,0.942,-0.117,0.781,0.802,0.326,CRI,79.484,CRI,5.379,CRI,345.337517820352,CRI,1540.55572224876
Costa Rica,2019,6.998,9.944,0.906,70.0,0.927,-0.156,0.836,0.791,0.303,CRI,79.427,CRI,5.339,CRI,364.470142878634,CRI,1632.59689185347
Costa Rica,2020,6.338,9.892,0.834,70.0,0.889,-0.139,0.772,0.759,0.35,CRI,79.277,CRI,5.976,CRI,344.393983176976,CRI,1697.62911956665
Croatia,2015,5.205,10.124,0.768,67.9,0.694,-0.104,0.849,0.57,0.294,HRV,77.2756097560976,HRV,5.537,HRV,170.0,HRV,1553.0
Croatia,2016,5.417,10.166,0.798,68.075,0.672,-0.072,0.884,0.569,0.337,HRV,78.0219512195122,HRV,5.561,HRV,186.0,HRV,1692.0
Croatia,2017,5.343,10.211,0.77,68.25,0.716,-0.112,0.892,0.618,0.316,HRV,77.8268292682927,HRV,5.506,HRV,197.0,HRV,1798.0
Croatia,2018,5.536,10.248,0.91,68.425,0.691,-0.158,0.925,0.512,0.29,HRV,78.0707317073171,HRV,5.542,HRV,221.0,HRV,1943.0
Croatia,2019,5.626,10.287,0.936,68.6,0.739,-0.145,0.932,0.504,0.269,HRV,78.4243902439025,HRV,5.579,HRV,246.0,HRV,2143.0
Croatia,2020,6.508,10.202,0.923,68.775,0.837,-0.071,0.961,0.681,0.286,HRV,77.7243902439024,HRV,6.538,HRV,239.0,HRV,2288.0
Cyprus,2015,5.439,10.451,0.77,71.6,0.628,0.107,0.893,0.66,0.383,CYP,80.966,CYP,2.872,CYP,947.0,CYP,2170.0
Cyprus,2016,5.795,10.51,0.786,71.8,0.756,-0.036,0.898,0.631,0.336,CYP,81.056,CYP,2.8,CYP,1069.0,CYP,2396.0
Cyprus,2017,6.062,10.556,0.819,72.0,0.812,0.036,0.851,0.67,0.301,CYP,81.328,CYP,2.758,CYP,1145.0,CYP,2558.0
Cyprus,2018,6.276,10.599,0.826,72.2,0.794,-0.031,0.848,0.663,0.298,CYP,81.382,CYP,2.877,CYP,1240.0,CYP,2795.0
Cyprus,2019,6.137,10.639,0.776,72.4,0.74,-0.018,0.865,0.663,0.29,CYP,81.397,CYP,3.857,CYP,1057.0,CYP,3133.0
Cyprus,2020,6.26,10.583,0.806,72.6,0.763,-0.086,0.816,0.671,0.284,CYP,81.391,CYP,6.323,CYP,622.0,CYP,3498.0
Czechia,2015,6.608,10.496,0.911,68.3,0.808,-0.152,0.886,0.689,0.206,CZE,78.5780487804878,CZE,5.928,CZE,371.369509841255,CZE,2499.87668097591
Czechia,2016,6.736,10.519,0.931,68.425,0.85,-0.204,0.9,0.71,0.201,CZE,79.0268292682927,CZE,5.826,CZE,398.964067359812,CZE,2690.85080041556
Czechia,2017,6.79,10.567,0.901,68.55,0.832,-0.183,0.867,0.672,0.227,CZE,78.9780487804878,CZE,6.228,CZE,417.447465271976,CZE,2869.78513781705
Czechia,2018,7.034,10.595,0.929,68.675,0.79,-0.299,0.851,0.674,0.178,CZE,79.0292682926829,CZE,6.342,CZE,436.864764220385,CZE,3079.39892120233
Czechia,2020,6.897,10.562,0.964,68.925,0.906,-0.135,0.884,0.748,0.29,CZE,78.1756097560976,CZE,8.102,CZE,455.021448888738,CZE,3947.01711822376
Denmark,2015,7.514,10.876,0.96,70.5,0.941,0.216,0.191,0.801,0.218,DNK,80.7024390243902,DNK,8.715,DNK,686.0,DNK,5095.0
Denmark,2016,7.558,10.9,0.954,70.625,0.948,0.132,0.21,0.786,0.208,DNK,80.8536585365854,DNK,8.63,DNK,723.0,DNK,5348.0
Denmark,2017,7.594,10.922,0.952,70.75,0.955,0.149,0.181,0.779,0.206,DNK,81.1024390243903,DNK,8.478,DNK,768.0,DNK,5606.0
Denmark,2018,7.649,10.936,0.958,70.875,0.935,0.012,0.151,0.773,0.206,DNK,80.9536585365854,DNK,8.457,DNK,804.0,DNK,5817.0
Denmark,2019,7.693,10.948,0.958,71.0,0.963,0.015,0.174,0.797,0.181,DNK,81.4512195121951,DNK,8.473,DNK,840.0,DNK,6091.0
Denmark,2020,7.515,10.924,0.947,71.125,0.938,0.045,0.214,0.753,0.227,DNK,81.6024390243903,DNK,8.934,DNK,832.0,DNK,6434.0
Denmark,2021,7.699,10.968,0.945,71.25,0.933,0.13,0.173,0.792,0.206,DNK,81.4048780487805,DNK,9.264,DNK,887.0,DNK,7043.0
Estonia,2015,5.629,10.343,0.918,68.3,0.815,-0.169,0.569,0.649,0.183,EST,77.590243902439,EST,4.961,EST,459.783403501586,EST,1938.46680432487
Estonia,2016,5.65,10.374,0.938,68.525,0.843,-0.155,0.639,0.657,0.177,EST,77.6414634146342,EST,5.003,EST,498.135706066527,EST,2098.46326939875
Estonia,2017,5.938,10.429,0.936,68.75,0.862,-0.107,0.668,0.74,0.16,EST,78.0926829268293,EST,4.854,EST,554.253355927847,EST,2234.29079645641
Estonia,2018,6.091,10.463,0.933,68.975,0.886,-0.147,0.621,0.73,0.163,EST,78.2439024390244,EST,4.952,EST,598.501311275005,EST,2441.55627685688
Estonia,2019,6.035,10.496,0.934,69.2,0.887,-0.101,0.576,0.738,0.156,EST,78.6463414634147,EST,5.081,EST,637.180096755404,EST,2663.28627060849
Estonia,2020,6.453,10.488,0.958,69.425,0.954,-0.09,0.398,0.762,0.188,EST,78.5951219512195,EST,5.981,EST,640.823644029542,EST,2990.55197055816
Estonia,2021,6.554,10.564,0.946,69.65,0.926,0.046,0.441,0.761,0.176,EST,76.9439024390244,EST,5.86,EST,719.342784435727,EST,3258.7810312743
Finland,2015,7.448,10.716,0.948,70.7,0.93,0.105,0.223,0.736,0.191,FIN,81.4804878048781,FIN,7.421,FIN,764.0,FIN,4099.0
Finland,2016,7.66,10.741,0.954,70.775,0.948,-0.033,0.25,0.769,0.182,FIN,81.4292682926829,FIN,7.148,FIN,812.0,FIN,4214.0
Finland,2017,7.788,10.77,0.964,70.85,0.962,-0.008,0.192,0.756,0.176,FIN,81.6317073170732,FIN,6.974,FIN,827.0,FIN,4342.0
Finland,2018,7.858,10.78,0.962,70.925,0.938,-0.133,0.199,0.749,0.182,FIN,81.7341463414634,FIN,6.959,FIN,827.0,FIN,4485.0
Finland,2019,7.78,10.791,0.937,71.0,0.948,-0.058,0.195,0.732,0.181,FIN,81.9829268292683,FIN,7.136,FIN,828.0,FIN,4752.0
Finland,2020,7.889,10.766,0.962,71.075,0.962,-0.123,0.164,0.748,0.193,FIN,81.9317073170732,FIN,7.538,FIN,830.0,FIN,5038.0
France,2015,6.358,10.677,0.896,71.7,0.817,-0.145,0.641,0.74,0.215,FRA,82.3219512195122,FRA,9.438,FRA,456.032645827396,FRA,4682.91984248056
France,2016,6.475,10.685,0.885,71.8,0.787,-0.097,0.623,0.715,0.27,FRA,82.5731707317073,FRA,9.521,FRA,474.461201083983,FRA,4930.0436598678
France,2017,6.635,10.705,0.931,71.9,0.834,-0.129,0.601,0.716,0.242,FRA,82.5756097560976,FRA,9.43,FRA,491.423846726068,FRA,5069.78688558068
France,2018,6.666,10.72,0.921,72.0,0.816,-0.143,0.582,0.705,0.282,FRA,82.6756097560976,FRA,9.345,FRA,496.48214681515,FRA,5226.19721002876
France,2019,6.69,10.735,0.958,72.1,0.827,-0.139,0.568,0.693,0.25,FRA,82.8268292682927,FRA,9.273,FRA,531.0211874142,FRA,5617.51648515809
France,2020,6.714,10.651,0.947,72.2,0.823,-0.176,0.565,0.69,0.231,FRA,82.1756097560976,FRA,10.338,FRA,518.01667519614,FRA,5860.99512123534
Germany,2015,7.037,10.843,0.926,70.1,0.889,0.172,0.412,0.722,0.203,DEU,80.6414634146341,DEU,9.414,DEU,694.268686744904,DEU,5359.85239152038
Germany,2016,6.874,10.857,0.906,70.3,0.871,0.142,0.446,0.709,0.187,DEU,80.990243902439,DEU,9.473,DEU,730.798169552883,DEU,5698.08169000408
Germany,2017,7.074,10.879,0.892,70.5,0.841,0.139,0.414,0.707,0.196,DEU,80.9926829268293,DEU,9.554,DEU,770.459538534074,DEU,6026.14131620813
Germany,2018,7.118,10.886,0.92,70.7,0.877,0.028,0.496,0.74,0.243,DEU,80.8926829268293,DEU,9.638,DEU,827.269491125635,DEU,6345.44867298703
Germany,2019,7.035,10.894,0.886,70.9,0.885,0.051,0.462,0.712,0.226,DEU,81.2926829268293,DEU,9.827,DEU,896.409259015558,DEU,6730.3471028493
Germany,2020,7.312,10.856,0.905,71.1,0.864,-0.068,0.424,0.698,0.206,DEU,81.0414634146342,DEU,10.911,DEU,880.387496258826,DEU,7167.87224910866
Germany,2021,6.755,10.881,0.868,71.3,0.778,0.074,0.418,0.703,0.251,DEU,80.790243902439,DEU,11.016,DEU,916.205849453554,DEU,7606.96280449099
Greece,2015,5.623,10.249,0.835,70.4,0.532,-0.277,0.824,0.637,0.277,GRC,81.0365853658537,GRC,4.803,GRC,789.942617335408,GRC,2192.19072229064
Greece,2016,5.303,10.248,0.803,70.525,0.482,-0.265,0.898,0.594,0.336,GRC,81.3878048780488,GRC,5.186,GRC,796.884591514643,GRC,2322.72593521477
Greece,2017,5.148,10.261,0.753,70.65,0.438,-0.295,0.872,0.516,0.333,GRC,81.2878048780488,GRC,4.926,GRC,813.334462233845,GRC,2324.13045137244
Greece,2018,5.409,10.28,0.794,70.775,0.564,-0.34,0.86,0.564,0.255,GRC,81.7878048780488,GRC,4.808,GRC,867.062668904367,GRC,2403.1622215565
Greece,2019,5.952,10.3,0.891,70.9,0.614,-0.293,0.848,0.56,0.236,GRC,81.6390243902439,GRC,5.046,GRC,859.059524374691,GRC,2553.47799561598
Greece,2020,5.788,10.207,0.779,71.025,0.565,-0.246,0.764,0.629,0.322,GRC,81.2878048780488,GRC,5.879,GRC,901.358247258782,GRC,2695.57318409784
Hungary,2015,5.344,10.223,0.859,66.6,0.558,-0.204,0.908,0.65,0.245,HUN,75.5682926829269,HUN,4.671,HUN,504.0,HUN,1834.0
Hungary,2016,5.449,10.248,0.9,66.75,0.554,-0.193,0.924,0.59,0.243,HUN,76.0634146341464,HUN,4.756,HUN,540.0,HUN,1949.0
Hungary,2017,6.065,10.292,0.877,66.9,0.661,-0.145,0.886,0.644,0.181,HUN,75.8170731707317,HUN,4.641,HUN,542.0,HUN,1987.0
Hungary,2018,5.936,10.346,0.941,67.05,0.693,-0.249,0.911,0.595,0.201,HUN,76.0658536585366,HUN,4.572,HUN,562.0,HUN,2099.0
Hungary,2019,6.0,10.393,0.947,67.2,0.798,-0.201,0.884,0.653,0.18,HUN,76.3195121951219,HUN,4.323,HUN,605.0,HUN,2176.0
Hungary,2020,6.038,10.349,0.943,67.35,0.771,-0.127,0.836,0.662,0.24,HUN,75.5682926829269,HUN,5.179,HUN,650.0,HUN,2485.0
Hungary,2021,6.227,10.423,0.948,67.5,0.727,-0.046,0.832,0.668,0.192,HUN,74.1634146341463,HUN,5.303,HUN,667.0,HUN,2706.0
Iceland,2015,7.498,10.862,0.98,71.9,0.94,0.294,0.639,0.794,0.18,ISL,82.4682926829268,ISL,6.521,ISL,700.0,ISL,3967.0
Iceland,2016,7.51,10.909,0.985,71.925,0.952,0.274,0.719,0.808,0.158,ISL,82.2048780487805,ISL,6.6,ISL,730.0,ISL,4327.0
Iceland,2017,7.476,10.927,0.967,71.95,0.939,0.24,0.727,0.823,0.148,ISL,82.6609756097561,ISL,6.763,ISL,756.0,ISL,4593.0
Iceland,2019,7.533,10.943,0.982,72.0,0.959,,0.699,0.787,0.178,ISL,83.1634146341463,ISL,7.048,ISL,795.0,ISL,5111.0
Iceland,2020,7.575,10.852,0.983,72.025,0.949,0.152,0.644,0.808,0.172,ISL,83.0634146341463,ISL,7.928,ISL,781.0,ISL,5218.0
Iceland,2021,7.565,10.878,0.98,72.05,0.923,0.257,0.664,0.806,0.159,ISL,83.1658536585366,ISL,8.06,ISL,834.0,ISL,5697.0
India,2015,4.342,8.596,0.61,59.1,0.777,-0.01,0.776,0.657,0.322,IND,69.636,IND,0.928,IND,126.0,IND,195.0
India,2016,4.179,8.664,0.614,59.4,0.82,0.041,0.765,0.646,0.346,IND,70.117,IND,0.947,IND,128.0,IND,202.0
India,2017,4.046,8.718,0.607,59.7,0.886,-0.046,0.781,0.579,0.318,IND,70.467,IND,0.974,IND,99.0,IND,179.0
India,2018,3.818,8.77,0.638,60.0,0.89,0.08,0.805,0.591,0.357,IND,70.71,IND,0.972,IND,100.0,IND,188.0
India,2019,3.249,8.797,0.561,60.3,0.876,0.108,0.752,0.56,0.466,IND,70.91,IND,0.998,IND,106.0,IND,204.0
Ireland,2015,6.83,11.18,0.953,70.7,0.892,0.226,0.409,0.748,0.225,IRL,81.4536585365854,IRL,5.269,IRL,685.984853410322,IRL,5093.67932892004
Ireland,2016,7.041,11.189,0.958,70.8,0.875,0.169,0.399,0.744,0.211,IRL,81.6536585365854,IRL,5.415,IRL,703.750427149763,IRL,5375.68850845063
Ireland,2017,7.06,11.264,0.943,70.9,0.905,0.21,0.337,0.771,0.213,IRL,82.1560975609756,IRL,5.215,IRL,703.922675612084,IRL,5582.93193169313
Ireland,2018,6.962,11.334,0.938,71.0,0.861,0.138,0.362,0.754,0.213,IRL,82.2048780487805,IRL,5.1,IRL,697.689138135222,IRL,5544.28548655774
Ireland,2019,7.255,11.373,0.944,71.1,0.892,0.067,0.373,0.758,0.223,IRL,82.7024390243903,IRL,4.98,IRL,734.752909930244,IRL,6056.00894678289
Ireland,2020,7.035,11.423,0.96,71.2,0.882,0.0,0.356,0.753,0.246,IRL,82.5560975609756,IRL,5.598,IRL,733.085856644017,IRL,6706.6902178455
Ireland,2021,6.828,11.54,0.85,71.3,0.846,0.131,0.36,0.733,0.245,IRL,82.3536585365854,IRL,5.275,IRL,769.162288937783,IRL,7196.31282656616
Israel,2015,7.079,10.536,0.864,71.8,0.753,0.103,0.789,0.652,0.256,ISR,82.0512195121951,ISR,4.503,ISR,593.0,ISR,2636.0
Israel,2016,7.159,10.56,0.89,71.95,0.772,0.147,0.804,0.602,0.263,ISR,82.4073170731707,ISR,4.536,ISR,648.0,ISR,2840.0
Israel,2017,7.331,10.583,0.916,72.1,0.768,0.138,0.793,0.621,0.276,ISR,82.5512195121951,ISR,4.623,ISR,666.0,ISR,2968.0
Israel,2018,6.927,10.603,0.91,72.25,0.725,0.048,0.77,0.612,0.282,ISR,82.8024390243903,ISR,4.712,ISR,667.0,ISR,3055.0
Israel,2019,7.332,10.625,0.946,72.4,0.834,0.078,0.743,0.598,0.266,ISR,82.8048780487805,ISR,4.832,ISR,660.0,ISR,3089.0
Israel,2020,7.195,10.589,0.959,72.55,0.831,-0.059,0.748,0.564,0.243,ISR,82.6487804878049,ISR,5.893,ISR,656.0,ISR,3262.0
Italy,2015,5.848,10.603,0.909,71.6,0.575,-0.07,0.913,0.646,0.329,ITA,82.5439024390244,ITA,6.593,ITA,766.0,ITA,3265.0
Italy,2016,5.955,10.617,0.927,71.675,0.624,-0.086,0.903,0.632,0.339,ITA,83.2439024390244,ITA,6.492,ITA,812.0,ITA,3482.0
Italy,2017,6.199,10.635,0.92,71.75,0.633,-0.041,0.867,0.613,0.323,ITA,82.9463414634147,ITA,6.399,ITA,858.0,ITA,3605.0
Italy,2018,6.517,10.647,0.913,71.825,0.65,-0.027,0.888,0.598,0.403,ITA,83.3463414634146,ITA,6.413,ITA,879.0,ITA,3733.0
Italy,2019,6.445,10.663,0.838,71.9,0.709,-0.088,0.866,0.569,0.328,ITA,83.4975609756098,ITA,6.384,ITA,929.0,ITA,3959.0
Italy,2020,6.488,10.574,0.89,71.975,0.718,-0.157,0.844,0.614,0.311,ITA,82.1951219512195,ITA,7.329,ITA,888.0,ITA,4138.0
Italy,2021,6.467,10.647,0.886,72.05,0.703,-0.096,0.862,0.634,0.318,ITA,82.6463414634146,ITA,7.145,ITA,957.0,ITA,4372.0
Japan,2015,5.88,10.607,0.923,73.6,0.832,-0.162,0.654,0.702,0.176,JPN,83.7939024390244,JPN,9.039,JPN,569.0,JPN,4393.0
Japan,2016,5.955,10.615,0.9,73.725,0.836,-0.069,0.698,0.69,0.192,JPN,83.9848780487805,JPN,8.957,JPN,557.0,JPN,4330.0
Japan,2017,5.911,10.632,0.882,73.85,0.849,-0.213,0.659,0.692,0.176,JPN,84.099756097561,JPN,8.974,JPN,560.0,JPN,4427.0
Japan,2018,5.794,10.64,0.886,73.975,0.773,-0.268,0.687,0.649,0.185,JPN,84.2109756097561,JPN,9.002,JPN,591.0,JPN,4546.0
Japan,2019,5.908,10.637,0.878,74.1,0.806,-0.261,0.617,0.693,0.194,JPN,84.3563414634146,JPN,9.201,JPN,602.0,JPN,4668.0
Japan,2020,6.118,10.596,0.887,74.225,0.806,-0.266,0.609,0.681,0.186,JPN,84.56,JPN,9.28,JPN,552.0,JPN,4625.0
Latvia,2015,5.881,10.19,0.879,65.8,0.656,-0.084,0.808,0.559,0.228,LVA,74.4804878048781,LVA,3.315,LVA,569.0,LVA,1405.0
Latvia,2016,5.94,10.222,0.917,65.9,0.685,-0.163,0.868,0.583,0.231,LVA,74.580487804878,LVA,3.426,LVA,707.0,LVA,1631.0
Latvia,2017,5.978,10.264,0.895,66.0,0.7,-0.161,0.798,0.565,0.232,LVA,74.6292682926829,LVA,3.42,LVA,712.0,LVA,1704.0
Latvia,2018,5.901,10.311,0.913,66.1,0.608,-0.218,0.799,0.521,0.192,LVA,74.7829268292683,LVA,3.706,LVA,746.0,LVA,1904.0
Latvia,2019,5.97,10.343,0.936,66.2,0.698,-0.2,0.789,0.537,0.212,LVA,75.3878048780488,LVA,3.972,LVA,762.0,LVA,2171.0
Latvia,2020,6.229,10.328,0.928,66.3,0.82,-0.086,0.809,0.674,0.202,LVA,75.1853658536585,LVA,4.737,LVA,759.0,LVA,2382.0
Lithuania,2015,5.711,10.334,0.929,65.3,0.641,-0.259,0.924,0.534,0.276,LTU,74.3219512195122,LTU,4.358,LTU,592.0,LTU,1861.0
Lithuania,2016,5.866,10.371,0.938,65.65,0.614,-0.272,0.949,0.553,0.25,LTU,74.6707317073171,LTU,4.42,LTU,659.0,LTU,2038.0
Lithuania,2017,6.273,10.427,0.926,66.0,0.749,-0.179,0.79,0.59,0.195,LTU,75.4804878048781,LTU,4.275,LTU,697.0,LTU,2161.0
Lithuania,2018,6.309,10.476,0.929,66.35,0.699,-0.243,0.852,0.518,0.214,LTU,75.6804878048781,LTU,4.387,LTU,747.0,LTU,2369.0
Lithuania,2019,6.064,10.524,0.918,66.7,0.78,-0.258,0.783,0.568,0.276,LTU,76.2829268292683,LTU,4.646,LTU,901.0,LTU,2793.0
Lithuania,2020,6.391,10.523,0.953,67.05,0.824,-0.129,0.829,0.626,0.202,LTU,74.9780487804878,LTU,5.287,LTU,862.0,LTU,3006.0
Lithuania,2021,6.865,10.579,0.928,67.4,0.707,-0.121,0.878,0.667,0.191,LTU,74.0365853658537,LTU,5.507,LTU,1035.0,LTU,3432.0
Luxembourg,2015,6.702,11.637,0.934,71.5,0.932,0.044,0.375,0.728,0.193,LUX,82.2926829268293,LUX,4.251,LUX,594.0,LUX,5545.0
Luxembourg,2016,6.967,11.664,0.941,71.525,0.882,0.011,0.356,0.706,0.192,LUX,82.6853658536585,LUX,4.24,LUX,624.0,LUX,5806.0
Luxembourg,2017,7.061,11.653,0.905,71.55,0.903,0.036,0.33,0.726,0.184,LUX,82.0951219512195,LUX,4.311,LUX,636.0,LUX,5962.0
Luxembourg,2018,7.243,11.645,0.902,71.575,0.884,-0.028,0.385,0.715,0.202,LUX,82.2951219512195,LUX,4.421,LUX,648.0,LUX,6212.0
Luxembourg,2019,7.404,11.649,0.912,71.6,0.93,-0.051,0.39,0.742,0.212,LUX,82.6390243902439,LUX,4.603,LUX,633.0,LUX,6604.0
Malta,2015,6.613,10.594,0.919,71.3,0.912,0.339,0.664,0.641,0.355,MLT,81.8975609756097,MLT,5.389,MLT,1255.0,MLT,3373.0
Malta,2016,6.591,10.604,0.93,71.35,0.916,0.339,0.696,0.645,0.355,MLT,82.4536585365854,MLT,5.651,MLT,1264.0,MLT,3599.0
Malta,2017,6.676,10.681,0.937,71.4,0.924,0.244,0.69,0.666,0.302,MLT,82.3463414634146,MLT,5.572,MLT,1360.0,MLT,3861.0
Malta,2018,6.91,10.705,0.932,71.45,0.927,0.17,0.595,0.666,0.296,MLT,82.4487804878049,MLT,5.437,MLT,1364.0,MLT,3976.0
Malta,2019,6.733,10.734,0.922,71.5,0.924,0.077,0.689,0.642,0.356,MLT,82.8585365853659,MLT,5.473,MLT,1570.0,MLT,4599.0
Mexico,2015,6.236,9.88,0.761,65.8,0.719,-0.158,0.708,0.706,0.237,MEX,74.682,MEX,2.987,MEX,435.985576657184,MEX,1062.24538653138
Mexico,2016,6.824,9.895,0.893,65.8,0.752,-0.16,0.809,0.802,0.22,MEX,74.412,MEX,2.848,MEX,450.606621137886,MEX,1089.15254817402
Mexico,2017,6.41,9.905,0.8,65.8,0.861,-0.208,0.801,0.775,0.231,MEX,74.138,MEX,2.758,MEX,456.866656510481,MEX,1093.28675776459
Mexico,2018,6.55,9.917,0.858,65.8,0.816,-0.186,0.809,0.815,0.213,MEX,74.015,MEX,2.672,MEX,465.766847226471,MEX,1100.85913214163
Mexico,2019,6.432,9.907,0.852,65.8,0.903,-0.148,0.809,0.803,0.252,MEX,74.202,MEX,2.678,MEX,465.870290162212,MEX,1101.81204678275
Mexico,2020,5.964,9.816,0.779,65.8,0.873,-0.128,0.778,0.745,0.292,MEX,70.133,MEX,3.302,MEX,446.703723710928,MEX,1152.4465342236
Montenegro,2015,5.125,9.813,0.74,66.6,0.583,-0.15,0.781,0.534,0.337,MNE,76.4487804878049,MNE,5.602,MNE,546.0,MNE,1446.0
Montenegro,2016,5.304,9.842,0.866,66.7,0.569,-0.093,0.849,0.547,0.337,MNE,76.4414634146341,MNE,5.31,MNE,590.0,MNE,1544.0
Montenegro,2017,5.615,9.887,0.881,66.8,0.626,-0.089,0.756,0.493,0.35,MNE,76.4853658536585,MNE,4.591,MNE,652.0,MNE,1546.0
Montenegro,2018,5.65,9.937,0.856,66.9,0.626,-0.057,0.769,0.527,0.355,MNE,76.8414634146342,MNE,5.007,MNE,701.0,MNE,1769.0
Montenegro,2019,5.386,9.977,0.832,67.0,0.694,-0.111,0.82,0.547,0.366,MNE,76.6829268292683,MNE,5.086,MNE,754.0,MNE,1956.0
Netherlands,2015,7.324,10.878,0.879,71.1,0.904,0.256,0.412,0.742,0.202,NLD,81.509756097561,NLD,8.402,NLD,587.0,NLD,5204.0
Netherlands,2016,7.541,10.894,0.926,71.175,0.907,0.233,0.433,0.737,0.215,NLD,81.5609756097561,NLD,8.358,NLD,595.0,NLD,5274.0
Netherlands,2017,7.459,10.917,0.937,71.25,0.92,0.245,0.363,0.729,0.185,NLD,81.7609756097561,NLD,8.257,NLD,617.0,NLD,5585.0
Netherlands,2018,7.463,10.934,0.939,71.325,0.92,0.156,0.371,0.748,0.205,NLD,81.8121951219512,NLD,8.238,NLD,627.0,NLD,5811.0
Netherlands,2019,7.425,10.947,0.941,71.4,0.886,0.207,0.36,0.728,0.231,NLD,82.1121951219512,NLD,8.392,NLD,639.0,NLD,6127.0
Netherlands,2020,7.504,10.902,0.944,71.475,0.935,0.145,0.281,0.691,0.247,NLD,81.3585365853659,NLD,9.472,NLD,624.0,NLD,6718.0
New Zealand,2015,7.418,10.622,0.987,69.9,0.942,0.322,0.186,0.795,0.16,NZL,81.6124390243903,NZL,7.333,NZL,466.916054701162,NZL,3493.66199328289
New Zealand,2016,7.226,10.637,0.937,69.975,0.927,0.259,0.278,0.777,0.207,NZL,81.6585365853659,NZL,7.271,NZL,506.066240930381,NZL,3727.76816062296
New Zealand,2017,7.327,10.65,0.955,70.05,0.942,0.287,0.222,0.763,0.172,NZL,81.8585365853659,NZL,7.047,NZL,521.282677356541,NZL,3839.43309115587
New Zealand,2018,7.37,10.667,0.954,70.125,0.949,0.113,0.207,0.785,0.168,NZL,81.7073170731707,NZL,7.158,NZL,502.465689171846,NZL,3891.08642395332
New Zealand,2019,7.205,10.675,0.939,70.2,0.912,0.15,0.234,0.765,0.191,NZL,82.0560975609756,NZL,7.206,NZL,530.657421824687,NZL,4377.54456741863
New Zealand,2020,7.257,10.647,0.952,70.275,0.918,0.116,0.283,0.796,0.209,NZL,82.2560975609756,NZL,7.785,NZL,525.76496549787,NZL,4606.93994713534
North Macedonia,2015,4.976,9.625,0.766,65.3,0.66,-0.053,0.824,0.551,0.299,MKD,75.4024390243902,MKD,4.163,MKD,296.0,MKD,865.0
North Macedonia,2016,5.346,9.652,0.871,65.5,0.706,0.073,0.87,0.587,0.292,MKD,75.4,MKD,4.119,MKD,335.0,MKD,948.0
North Macedonia,2017,5.234,9.662,0.8,65.7,0.752,-0.065,0.856,0.447,0.299,MKD,75.9536585365854,MKD,3.776,MKD,408.0,MKD,993.0
North Macedonia,2018,5.24,9.689,0.849,65.9,0.745,-0.048,0.91,0.512,0.298,MKD,76.6487804878049,MKD,3.768,MKD,439.0,MKD,1065.0
North Macedonia,2019,5.015,9.728,0.815,66.1,0.725,0.018,0.923,0.515,0.304,MKD,76.6024390243903,MKD,4.267,MKD,489.0,MKD,1250.0
Norway,2015,7.603,11.057,0.947,71.2,0.948,0.249,0.299,0.796,0.209,NOR,82.3048780487805,NOR,8.664,NOR,869.0,NOR,6142.0
Norway,2016,7.596,11.06,0.96,71.25,0.954,0.125,0.41,0.809,0.209,NOR,82.4073170731707,NOR,9.043,NOR,895.0,NOR,6271.0
Norway,2017,7.579,11.076,0.95,71.3,0.953,0.228,0.25,0.8,0.203,NOR,82.609756097561,NOR,8.781,NOR,962.0,NOR,6631.0
Norway,2018,7.444,11.077,0.966,71.35,0.96,0.086,0.268,0.786,0.212,NOR,82.7585365853659,NOR,8.591,NOR,980.0,NOR,7019.0
Norway,2019,7.442,11.082,0.942,71.4,0.954,0.103,0.271,0.782,0.195,NOR,82.9585365853659,NOR,9.042,NOR,1020.0,NOR,7325.0
Norway,2020,7.29,11.063,0.956,71.45,0.965,0.068,0.271,0.777,0.216,NOR,83.209756097561,NOR,9.75,NOR,1028.0,NOR,7457.0
Norway,2021,7.362,11.096,0.948,71.5,0.936,0.166,0.263,0.769,0.207,NOR,83.1634146341463,NOR,8.625,NOR,1146.0,NOR,8275.0
Peru,2015,5.577,9.394,0.798,68.8,0.802,-0.095,0.884,0.744,0.378,PER,75.621,PER,3.033,PER,172.530842620058,PER,576.4149772047
Peru,2016,5.701,9.419,0.803,68.975,0.83,-0.139,0.866,0.791,0.338,PER,75.789,PER,3.067,PER,176.871810250113,PER,602.95697228114
Peru,2017,5.711,9.429,0.83,69.15,0.827,-0.16,0.895,0.768,0.394,PER,75.879,PER,3.058,PER,177.811133382371,PER,620.83336255983
Peru,2018,5.68,9.449,0.845,69.325,0.83,-0.184,0.906,0.783,0.38,PER,76.009,PER,3.197,PER,201.007694882067,PER,683.490719416075
Peru,2019,5.999,9.452,0.809,69.5,0.815,-0.135,0.874,0.794,0.375,PER,76.156,PER,3.281,PER,196.772049393573,PER,699.449536092365
Poland,2015,6.007,10.228,0.893,68.0,0.793,-0.098,0.81,0.631,0.24,POL,77.4512195121951,POL,4.46,POL,396.0,POL,1717.0
Poland,2016,6.162,10.258,0.917,68.175,0.871,-0.096,0.848,0.666,0.224,POL,77.8512195121951,POL,4.53,POL,422.0,POL,1857.0
Poland,2017,6.201,10.308,0.882,68.35,0.831,-0.127,0.639,0.566,0.203,POL,77.7536585365854,POL,4.545,POL,448.0,POL,1972.0
Poland,2018,6.111,10.365,0.863,68.525,0.87,-0.26,0.72,0.622,0.176,POL,77.6024390243903,POL,4.524,POL,413.0,POL,2022.0
Poland,2019,6.242,10.409,0.878,68.7,0.883,-0.237,0.696,0.613,0.168,POL,77.9048780487805,POL,4.627,POL,454.0,POL,2259.0
Poland,2020,6.139,10.39,0.953,68.875,0.767,-0.014,0.787,0.677,0.329,POL,76.5,POL,4.692,POL,448.0,POL,2291.0
Poland,2021,5.978,10.461,0.936,69.05,0.732,0.122,0.744,0.7,0.277,POL,75.5024390243902,POL,4.785,POL,487.0,POL,2456.0
Portugal,2015,5.081,10.346,0.866,70.5,0.8,-0.169,0.941,0.629,0.371,PRT,81.1243902439025,PRT,5.751,PRT,815.0,PRT,2759.0
Portugal,2016,5.447,10.369,0.905,70.625,0.838,-0.231,0.922,0.659,0.326,PRT,81.1243902439025,PRT,5.793,PRT,873.0,PRT,2965.0
Portugal,2017,5.711,10.406,0.9,70.75,0.905,-0.182,0.881,0.608,0.294,PRT,81.4243902439025,PRT,5.698,PRT,912.0,PRT,3072.0
Portugal,2018,5.92,10.435,0.887,70.875,0.877,-0.267,0.88,0.646,0.318,PRT,81.3243902439024,PRT,5.763,PRT,983.0,PRT,3285.0
Portugal,2019,6.095,10.462,0.876,71.0,0.882,-0.24,0.915,0.675,0.3,PRT,81.6756097560976,PRT,5.789,PRT,1087.0,PRT,3552.0
Portugal,2020,5.768,10.374,0.875,71.125,0.913,-0.244,0.867,0.614,0.383,PRT,80.9756097560976,PRT,6.807,PRT,1033.0,PRT,3687.0
Portugal,2021,6.183,10.425,0.895,71.25,0.892,-0.211,0.872,0.629,0.284,PRT,81.3780487804878,PRT,7.171,PRT,1186.0,PRT,4091.0
Romania,2015,5.777,10.083,0.787,66.3,0.796,-0.147,0.962,0.627,0.312,ROU,74.9121951219512,ROU,3.86,ROU,227.0,ROU,1066.0
Romania,2016,5.969,10.117,0.809,66.425,0.822,-0.12,0.949,0.607,0.258,ROU,75.209756097561,ROU,3.919,ROU,251.0,ROU,1211.0
Romania,2017,6.09,10.201,0.811,66.55,0.839,-0.165,0.926,0.632,0.231,ROU,75.209756097561,ROU,4.051,ROU,286.0,ROU,1394.0
Romania,2018,6.151,10.266,0.818,66.675,0.845,-0.224,0.921,0.649,0.298,ROU,75.3585365853659,ROU,4.433,ROU,316.0,ROU,1627.0
Romania,2019,6.13,10.309,0.842,66.8,0.848,-0.228,0.954,0.605,0.244,ROU,75.6073170731707,ROU,4.618,ROU,356.0,ROU,1885.0
Romania,2020,6.785,10.277,0.869,66.925,0.863,-0.161,0.918,0.668,0.256,ROU,74.2536585365854,ROU,5.035,ROU,394.0,ROU,2069.0
Serbia,2015,5.318,9.654,0.816,66.4,0.546,-0.068,0.859,0.472,0.303,SRB,75.2878048780488,SRB,5.114,SRB,532.574985594556,SRB,1312.15749798928
Serbia,2016,5.753,9.692,0.895,66.525,0.614,-0.074,0.89,0.492,0.298,SRB,75.6878048780488,SRB,4.903,SRB,541.267423264056,SRB,1337.99331142096
Serbia,2017,5.122,9.718,0.884,66.65,0.685,-0.084,0.851,0.485,0.326,SRB,75.5390243902439,SRB,4.736,SRB,553.397376506768,SRB,1361.72801285892
Serbia,2018,5.936,9.767,0.853,66.775,0.74,-0.106,0.864,0.527,0.296,SRB,75.890243902439,SRB,5.12,SRB,577.565851073118,SRB,1507.57476142877
Serbia,2019,6.241,9.815,0.903,66.9,0.753,-0.046,0.813,0.474,0.242,SRB,75.9365853658537,SRB,5.315,SRB,621.108702670296,SRB,1677.05964427825
Slovenia,2015,5.741,10.428,0.901,70.0,0.896,0.002,0.892,0.644,0.261,SVN,80.7756097560976,SVN,6.116,SVN,336.0,SVN,2689.0
Slovenia,2016,5.937,10.459,0.934,70.175,0.904,-0.06,0.838,0.597,0.272,SVN,81.1756097560976,SVN,6.166,SVN,345.0,SVN,2873.0
Slovenia,2017,6.167,10.505,0.928,70.35,0.921,-0.031,0.829,0.582,0.286,SVN,81.0292682926829,SVN,5.909,SVN,368.0,SVN,2989.0
Slovenia,2018,6.249,10.545,0.941,70.525,0.942,-0.125,0.839,0.601,0.275,SVN,81.3780487804878,SVN,6.029,SVN,388.0,SVN,3237.0
Slovenia,2019,6.665,10.572,0.949,70.7,0.945,-0.108,0.785,0.622,0.228,SVN,81.5292682926829,SVN,6.204,SVN,419.0,SVN,3590.0
Slovenia,2020,6.462,10.521,0.953,70.875,0.958,-0.09,0.797,0.575,0.314,SVN,80.5317073170732,SVN,6.892,SVN,482.0,SVN,3867.0
South Africa,2015,4.887,9.539,0.898,54.1,0.862,-0.138,0.853,0.717,0.161,ZAF,63.95,ZAF,4.097,ZAF,62.7414750923685,ZAF,1093.74465696005
South Africa,2016,4.77,9.536,0.875,54.625,0.774,-0.082,0.813,0.743,0.301,ZAF,64.747,ZAF,4.096,ZAF,64.0221824470281,ZAF,1106.59452129185
South Africa,2017,4.514,9.543,0.87,55.15,0.787,-0.141,0.865,0.709,0.268,ZAF,65.402,ZAF,4.087,ZAF,64.9304533701003,ZAF,1112.84356887396
South Africa,2018,4.884,9.546,0.841,55.675,0.753,-0.063,0.841,0.736,0.283,ZAF,65.674,ZAF,4.163,ZAF,67.617624773262,ZAF,1158.59853236421
South Africa,2019,5.035,9.536,0.848,56.2,0.738,-0.147,0.82,0.727,0.268,ZAF,66.175,ZAF,4.39,ZAF,68.1779537890927,ZAF,1190.19975327386
South Korea,2015,5.78,10.567,0.768,72.0,0.616,-0.041,0.841,0.561,0.244,KOR,82.0243902439024,KOR,3.919,KOR,861.160171009026,KOR,2498.49404487608
South Korea,2016,5.971,10.592,0.811,72.275,0.591,0.02,0.862,0.583,0.233,KOR,82.2756097560976,KOR,4.082,KOR,924.286774930985,KOR,2714.146363563
South Korea,2017,5.874,10.62,0.807,72.55,0.538,0.008,0.851,0.546,0.235,KOR,82.6268292682927,KOR,4.223,KOR,962.426973296521,KOR,2878.05275752719
South Korea,2018,5.84,10.645,0.798,72.825,0.6,-0.095,0.797,0.579,0.217,KOR,82.6268292682927,KOR,4.517,KOR,1063.95474658102,KOR,3218.80258739182
South Korea,2019,5.903,10.663,0.783,73.1,0.706,-0.061,0.718,0.593,0.236,KOR,83.2268292682927,KOR,4.964,KOR,1120.944047289,KOR,3546.0311559389
South Korea,2020,5.793,10.655,0.808,73.375,0.711,-0.112,0.665,0.55,0.247,KOR,83.4268292682927,KOR,5.234,KOR,1081.60749414678,KOR,3731.29981009789
South Korea,2021,6.113,10.697,0.811,73.65,0.717,-0.033,0.685,0.566,0.221,KOR,83.5268292682927,KOR,5.685,KOR,1270.73140570755,KOR,4366.95125416775
Spain,2015,6.381,10.529,0.956,71.6,0.732,-0.078,0.822,0.705,0.285,ESP,82.8317073170732,ESP,6.509,ESP,710.17720328758,ESP,3185.0479294587
Spain,2016,6.319,10.558,0.942,71.725,0.768,-0.054,0.819,0.63,0.301,ESP,83.3292682926829,ESP,6.405,ESP,733.675427773986,ESP,3340.99644645885
Spain,2017,6.23,10.585,0.903,71.85,0.756,-0.038,0.791,0.601,0.302,ESP,83.2829268292683,ESP,6.31,ESP,788.093588013558,ESP,3542.68842892349
Spain,2018,6.513,10.604,0.91,71.975,0.722,-0.081,0.777,0.636,0.357,ESP,83.4317073170732,ESP,6.321,ESP,817.296482692887,ESP,3674.16293211054
Spain,2019,6.457,10.616,0.949,72.1,0.778,-0.054,0.73,0.636,0.316,ESP,83.8317073170732,ESP,6.454,ESP,864.36303186778,ESP,3959.18583587932
Spain,2020,6.502,10.491,0.935,72.225,0.783,-0.127,0.73,0.671,0.317,ESP,82.3317073170732,ESP,7.849,ESP,805.812993407878,ESP,4084.51946612834
Sweden,2015,7.289,10.838,0.929,71.4,0.935,0.206,0.232,0.766,0.191,SWE,82.2048780487805,SWE,9.071,SWE,795.0,SWE,5333.0
Sweden,2016,7.369,10.846,0.912,71.525,0.918,0.141,0.246,0.752,0.201,SWE,82.3073170731707,SWE,9.144,SWE,799.0,SWE,5513.0
Sweden,2017,7.287,10.858,0.914,71.65,0.935,0.165,0.239,0.756,0.175,SWE,82.409756097561,SWE,9.136,SWE,794.0,SWE,5638.0
Sweden,2018,7.375,10.866,0.931,71.775,0.942,0.072,0.263,0.747,0.161,SWE,82.5585365853659,SWE,9.276,SWE,822.0,SWE,5888.0
Sweden,2019,7.398,10.875,0.934,71.9,0.942,0.085,0.25,0.775,0.202,SWE,83.109756097561,SWE,9.221,SWE,842.0,SWE,6139.0
Sweden,2020,7.314,10.846,0.936,72.025,0.951,0.084,0.203,0.717,0.222,SWE,82.3560975609756,SWE,9.877,SWE,818.0,SWE,6378.0
Sweden,2021,7.439,10.893,0.932,72.15,0.953,0.172,0.191,0.763,0.19,SWE,83.0560975609756,SWE,9.787,SWE,888.0,SWE,6784.0
Switzerland,2015,7.572,11.116,0.938,71.7,0.928,0.102,0.21,0.794,0.166,CHE,82.8975609756098,CHE,7.291,CHE,1671.70289215031,CHE,7073.03928953074
Switzerland,2016,7.459,11.126,0.928,71.9,0.934,0.081,0.302,0.758,0.206,CHE,83.6024390243903,CHE,7.398,CHE,1708.67228346026,CHE,7442.94721005844
Switzerland,2017,7.474,11.13,0.95,72.1,0.925,0.173,0.316,0.734,0.196,CHE,83.5512195121951,CHE,7.563,CHE,1745.93829113069,CHE,7560.96969305991
Switzerland,2018,7.509,11.151,0.93,72.3,0.926,0.094,0.301,0.756,0.192,CHE,83.7536585365854,CHE,7.331,CHE,1783.08531820805,CHE,7641.88940605372
Switzerland,2019,7.694,11.155,0.949,72.5,0.913,0.029,0.294,0.743,0.171,CHE,83.9048780487805,CHE,7.536,CHE,1887.66841386981,CHE,8068.70041611335
Switzerland,2020,7.508,11.124,0.946,72.7,0.917,-0.073,0.28,0.73,0.193,CHE,83.0,CHE,8.221,CHE,1887.47581634495,CHE,8337.79285001035
United Kingdom,2015,6.515,10.707,0.936,69.7,0.833,0.294,0.456,0.74,0.219,GBR,80.9560975609756,GBR,7.779,GBR,609.193678465455,GBR,4190.53565364736
United Kingdom,2016,6.824,10.721,0.954,69.8,0.821,0.244,0.458,0.732,0.23,GBR,81.1560975609756,GBR,7.772,GBR,625.229628709353,GBR,4320.89364463518
United Kingdom,2017,7.103,10.739,0.937,69.9,0.813,0.285,0.419,0.712,0.21,GBR,81.2560975609756,GBR,7.631,GBR,652.205881459843,GBR,4438.51618665048
United Kingdom,2018,7.233,10.75,0.928,70.0,0.838,0.22,0.404,0.736,0.228,GBR,81.2560975609756,GBR,7.658,GBR,713.733267275547,GBR,4606.09482415547
United Kingdom,2019,7.157,10.76,0.943,70.1,0.854,0.264,0.485,0.739,0.251,GBR,81.4048780487805,GBR,7.836,GBR,771.141556013854,GBR,4921.8931313963
United Kingdom,2020,6.798,10.639,0.929,70.2,0.885,0.196,0.49,0.717,0.225,GBR,80.3512195121951,GBR,9.923,GBR,711.195620882341,GBR,5581.50920369987
United Kingdom,2021,6.867,10.713,0.854,70.3,0.815,0.252,0.448,0.684,0.266,GBR,80.7,GBR,9.898,GBR,780.946558781181,GBR,6159.79634020859
United States,2015,6.864,10.975,0.904,66.6,0.849,0.213,0.698,0.769,0.275,USA,78.690243902439,USA,13.664,USA,1089.0186523285,USA,9248.93430579905
United States,2016,6.804,10.985,0.897,66.475,0.758,0.138,0.739,0.737,0.264,USA,78.5390243902439,USA,13.912,USA,1118.35096227621,USA,9599.8910461831
United States,2017,6.992,11.001,0.921,66.35,0.868,0.191,0.681,0.755,0.268,USA,78.5390243902439,USA,13.89,USA,1130.6866455728,USA,9902.81865605884
United States,2018,6.883,11.024,0.904,66.225,0.825,0.11,0.71,0.757,0.292,USA,78.6390243902439,USA,13.796,USA,1164.6019319085,USA,10280.5266287718
United States,2019,6.944,11.042,0.917,66.1,0.836,0.138,0.707,0.755,0.244,USA,78.7878048780488,USA,13.813,USA,1205.28419713374,USA,10658.3976786972
United States,2020,7.028,11.005,0.937,65.975,0.85,0.028,0.678,0.722,0.295,USA,76.9804878048781,USA,15.949,USA,1167.7345626147,USA,11758.4246948745
